revenu_annuel,nombre_prets,jours_retard_paiement,historique_credit,score_credit
45000,1,2,Bon,Eleve
32000,3,15,Standard,Standard
28000,4,25,Mauvais,Faible
52000,0,0,Bon,Eleve
39000,2,10,Standard,Standard
25000,5,30,Mauvais,Faible
61000,1,1,Bon,Eleve
34000,3,12,Standard,Standard
22000,6,35,Mauvais,Faible
47000,1,3,Bon,Eleve
30000,2,18,Standard,Standard
19000,7,40,Mauvais,Faible
55000,0,0,Bon,Eleve
36000,2,9,Standard,Standard
24000,5,28,Mauvais,Faible
43000,1,4,Bon,Eleve
33000,3,14,Standard,Standard
21000,6,33,Mauvais,Faible
58000,0,1,Bon,Eleve
31000,2,16,Standard,Standard
23000,5,29,Mauvais,Faible
49000,1,2,Bon,Eleve
37000,2,11,Standard,Standard
20000,7,38,Mauvais,Faible
